{"cameraMode":{"drawMode":0,"name":"Shaded","section":"Shading Mode"},"sceneLighting":false,"audioPlay":false,"sceneViewState":{"showFog":true,"showMaterialUpdate":false,"showSkybox":true,"showFlares":true,"showImageEffects":true,"showParticleSystems":true},"in2DMode":false,"pivot":{"x":0.815000057220459,"y":3.359999895095825,"z":-5.204999923706055},"rotation":{"x":-0.08113472163677216,"y":0.9162924885749817,"z":-0.2391701489686966,"w":-0.3108423352241516},"size":5.715766906738281,"orthographic":false}