{"cameraMode":{"drawMode":0,"name":"Shaded","section":"Shading Mode"},"sceneLighting":false,"audioPlay":false,"sceneViewState":{"showFog":true,"showMaterialUpdate":false,"showSkybox":true,"showFlares":true,"showImageEffects":true,"showParticleSystems":true},"in2DMode":false,"pivot":{"x":0.18967914581298829,"y":0.8039300441741943,"z":-0.22971177101135255},"rotation":{"x":0.056597787886857989,"y":0.9322779774665833,"z":-0.1670679897069931,"w":0.3158208429813385},"size":6.132062911987305,"orthographic":false}