{"cameraMode":{"drawMode":0,"name":"Shaded","section":"Shading Mode"},"sceneLighting":false,"audioPlay":false,"sceneViewState":{"showFog":true,"showMaterialUpdate":false,"showSkybox":true,"showFlares":true,"showImageEffects":true,"showParticleSystems":true},"in2DMode":false,"pivot":{"x":3.708127498626709,"y":0.5267620086669922,"z":-3.214930534362793},"rotation":{"x":-0.08113472163677216,"y":0.9162924885749817,"z":-0.2391701489686966,"w":-0.3108423352241516},"size":11.68722915649414,"orthographic":false}