{"cameraMode":{"drawMode":0,"name":"Shaded","section":"Shading Mode"},"sceneLighting":false,"audioPlay":false,"sceneViewState":{"showFog":true,"showMaterialUpdate":false,"showSkybox":true,"showFlares":true,"showImageEffects":true,"showParticleSystems":true},"in2DMode":false,"pivot":{"x":0.7715358734130859,"y":-6.54776668548584,"z":-4.152630805969238},"rotation":{"x":-0.22428567707538606,"y":-0.698822021484375,"z":0.24784430861473084,"w":-0.6323899030685425},"size":30.034290313720704,"orthographic":false}