{"cameraMode":{"drawMode":0,"name":"Shaded","section":"Shading Mode"},"sceneLighting":false,"audioPlay":false,"sceneViewState":{"showFog":true,"showMaterialUpdate":false,"showSkybox":true,"showFlares":true,"showImageEffects":true,"showParticleSystems":true},"in2DMode":false,"pivot":{"x":-9.646133422851563,"y":-3.7043228149414064,"z":25.647171020507814},"rotation":{"x":-0.024566033855080606,"y":0.9531600475311279,"z":-0.29048994183540347,"w":-0.08061105757951737},"size":22.0,"orthographic":false}