{"cameraMode":{"drawMode":0,"name":"Shaded","section":"Shading Mode"},"sceneLighting":false,"audioPlay":false,"sceneViewState":{"showFog":true,"showMaterialUpdate":false,"showSkybox":true,"showFlares":true,"showImageEffects":true,"showParticleSystems":true},"in2DMode":false,"pivot":{"x":1.130000114440918,"y":1.0,"z":-41.80000305175781},"rotation":{"x":0.056597787886857989,"y":0.9322779774665833,"z":-0.1670679897069931,"w":0.3158208429813385},"size":15.622215270996094,"orthographic":false}