{"cameraMode":{"drawMode":0,"name":"Shaded","section":"Shading Mode"},"sceneLighting":false,"audioPlay":false,"sceneViewState":{"showFog":true,"showMaterialUpdate":false,"showSkybox":true,"showFlares":true,"showImageEffects":true,"showParticleSystems":true},"in2DMode":false,"pivot":{"x":7.9187822341918949,"y":-0.5641827583312988,"z":-5.673187732696533},"rotation":{"x":-0.08113472163677216,"y":0.9162924885749817,"z":-0.2391701489686966,"w":-0.3108423352241516},"size":16.281530380249025,"orthographic":false}