{"cameraMode":{"drawMode":0,"name":"Shaded","section":"Shading Mode"},"sceneLighting":false,"audioPlay":false,"sceneViewState":{"showFog":true,"showMaterialUpdate":false,"showSkybox":true,"showFlares":true,"showImageEffects":true,"showParticleSystems":true},"in2DMode":false,"pivot":{"x":-4.9903154373168949,"y":-5.28797721862793,"z":-5.005960464477539},"rotation":{"x":-0.024566033855080606,"y":0.9531600475311279,"z":-0.29048994183540347,"w":-0.08061105757951737},"size":2.8578836917877199,"orthographic":false}