{"cameraMode":{"drawMode":0,"name":"Shaded","section":"Shading Mode"},"sceneLighting":false,"audioPlay":false,"sceneViewState":{"showFog":true,"showMaterialUpdate":false,"showSkybox":true,"showFlares":true,"showImageEffects":true,"showParticleSystems":true},"in2DMode":false,"pivot":{"x":0.7170000076293945,"y":0.9769999980926514,"z":-8.82800006866455},"rotation":{"x":-0.08113472163677216,"y":0.9162924885749817,"z":-0.2391701489686966,"w":-0.3108423352241516},"size":1.1289417743682862,"orthographic":false}