{"cameraMode":{"drawMode":0,"name":"Shaded","section":"Shading Mode"},"sceneLighting":false,"audioPlay":false,"sceneViewState":{"showFog":true,"showMaterialUpdate":false,"showSkybox":true,"showFlares":true,"showImageEffects":true,"showParticleSystems":true},"in2DMode":false,"pivot":{"x":3.069063186645508,"y":0.4901280403137207,"z":-2.699082374572754},"rotation":{"x":-0.08113472163677216,"y":0.9162924885749817,"z":-0.2391701489686966,"w":-0.3108423352241516},"size":12.292099952697754,"orthographic":false}