{"cameraMode":{"drawMode":0,"name":"Shaded","section":"Shading Mode"},"sceneLighting":true,"audioPlay":false,"sceneViewState":{"showFog":true,"showMaterialUpdate":false,"showSkybox":true,"showFlares":true,"showImageEffects":true,"showParticleSystems":true},"in2DMode":false,"pivot":{"x":17.361236572265626,"y":-26.571075439453126,"z":-141.8136749267578},"rotation":{"x":0.0030172481201589109,"y":0.9675133228302002,"z":-0.2525377869606018,"w":0.01155661791563034},"size":357.8724670410156,"orthographic":false}