{"cameraMode":{"drawMode":0,"name":"Shaded","section":"Shading Mode"},"sceneLighting":false,"audioPlay":false,"sceneViewState":{"showFog":true,"showMaterialUpdate":false,"showSkybox":true,"showFlares":true,"showImageEffects":true,"showParticleSystems":true},"in2DMode":false,"pivot":{"x":0.7170000076293945,"y":0.9769999980926514,"z":-8.82800006866455},"rotation":{"x":0.01449845265597105,"y":0.9670547246932983,"z":-0.2477768361568451,"w":0.05658303573727608},"size":1.4289418458938599,"orthographic":false}